"STATEFP","COUNTYFP","COUNTYNS","AFFGEOID","GEOID","NAME","LSAD","ALAND","AWATER","COUNTY","LOCATION","E_TOTPOP","E_POV","E_MINRTY","Waste_Type","Permit_ID","Permit_Name","Address3","City","Zip","lat","long","geometry"
"37","017","01026336","0500000US37017","37017","Bladen","06",2265887723,33010866,"Bladen","Bladen County, North Carolina",33778,8649,15312,NA,NA,NA,NA,NA,NA,NA,NA,list(list(c(-78.901998, -78.799597, -78.516123, -78.494705, -78.390748, -78.391978, -78.374363, -78.254441, -78.255468, -78.176501, -78.256085, -78.334569, -78.44532, -78.648373, -78.830353, -78.868961, -78.805721, -78.901998, 34.835268, 34.850857, 34.845919, 34.856182, 34.749463, 34.741265, 34.700722, 34.553595, 34.508614, 34.465356, 34.399469, 34.367536, 34.3774, 34.460869, 34.462578, 34.484778, 34.689202, 34.835268)))
"37","167","01025844","0500000US37167","37167","Stanly","06",1023370459,25242751,"Stanly","Stanly County, North Carolina",61114,8474,11705,"CD","8401-CDLF-1997","Albemarle, City of CDLF","40592b Stony Gap Road","Albemarle","28002-0190",35.31633,-80.15377,list(list(c(-80.497375, -80.295421, -80.182559, -80.108495, -80.051225, -80.098185, -80.075365, -80.112644, -80.172819, -80.276829, -80.356982, -80.504985, -80.497375, 35.202104, 35.50292, 35.504151, 35.459451, 35.371537, 35.255173, 35.143081, 35.193882, 35.147847, 35.195722, 35.16494, 35.184998, 35.202104)))
"37","105","01008567","0500000US37105","37105","Lee","06",660607408,10725289,"Lee","Lee County, North Carolina",60125,9538,25224,NA,NA,NA,NA,NA,NA,NA,NA,list(list(c(-79.350073, -79.244663, -79.117096, -78.96964, -79.183556, -79.273565, -79.359765, -79.350073, 35.518002, 35.569116, 35.628164, 35.521669, 35.307161, 35.353369, 35.469675, 35.518002)))
"37","007","01008534","0500000US37007","37007","Anson","06",1376478137,14603213,"Anson","Anson County, North Carolina",25306,4647,14018,NA,NA,NA,NA,NA,NA,NA,NA,list(list(c(-80.276829, -80.172819, -80.112644, -80.075365, -79.992941, -79.923972, -79.877197, -79.849536, -79.9246842531364, -79.927398038772, -80.077223, -80.3208325711298, -80.276829, 35.195722, 35.147847, 35.193882, 35.143081, 35.08559, 35.11543, 35.03531, 34.900006, 34.8078290197515, 34.807862590631, 34.809716, 34.813620821544, 35.195722)))
"37","185","01008593","0500000US37185","37185","Warren","06",1111412939,39320084,"Warren","Warren County, North Carolina",20033,3663,12357,NA,NA,NA,NA,NA,NA,NA,NA,list(list(c(-78.323718509559, -78.132911, -78.0462083043603, -77.8997741360467, -77.899524, -77.911963, -78.006551, -78.108277, -78.133399, -78.306965, -78.277165, -78.323718509559, 36.5424213915586, 36.543811, 36.5441976726866, 36.5448507330424, 36.504259, 36.382446, 36.202633, 36.209876, 36.246383, 36.266191, 36.306132, 36.5424213915586)))
"37","055","01026133","0500000US37055","37055","Dare","06",992549370,3000522458,"Dare","Dare County, North Carolina",35741,2929,4447,"CD","2803-CDLF-1995","Dare County C&D Landfill","1603 Cub Rd","Manns Harbor",NA,35.83132,-75.81818,list(list(c(-76.008348, -75.973152, -75.840046, -75.76628, -75.813108, -75.7706514625597, -75.71831, -75.658537, -75.569794, -75.51901, -75.496086, -75.458659, -75.486771, -75.533627, -75.635493, -75.7495614239622, -75.814021, -75.901342, -76.027479, -76.008348, 35.895802, 35.976643, 36.028834, 36.056956, 36.22356, 36.2320803070508, 36.113674, 36.02043, 35.863301, 35.769087, 35.728515, 35.596597, 35.391652, 35.225825, 35.22026, 35.1856163621922, 35.500182, 35.668952, 35.668849, 35.895802)))
"37","063","01008550","0500000US37063","37063","Durham","06",741907726,29553623,"Durham","Durham County, North Carolina",306457,46805,177023,"CD","3217-MWP-2019","Wall Recycling Holman Street Facility","2310 Garner Rd.","Raleigh","27610",35.7487,-78.63173,list(list(c(-79.0095, -78.950597, -78.802335, -78.807623, -78.751273, -78.699316, -78.75821, -78.806756, -78.829965, -78.906071, -79.016305, -79.0095, 35.902401, 36.23932, 36.235794, 36.087688, 36.070834, 36.011448, 35.921558, 35.922925, 35.866978, 35.868096, 35.86321, 35.902401)))
"37","015","01026334","0500000US37015","37015","Bertie","06",1810858588,109088136,"Bertie","Bertie County, North Carolina",19644,4207,12909,NA,NA,NA,NA,NA,NA,NA,NA,list(list(c(-77.230275, -77.291519, -77.29825, -77.208468, -77.180277, -76.706584, -76.736933, -76.682535, -76.606214, -76.683751, -76.760598, -76.834825, -76.891106, -76.894022, -76.93904, -77.00525, -77.04405, -77.027544, -77.195882, -77.205817, -77.327569, -77.230275, 36.104999, 36.168342, 36.207708, 36.246578, 36.242766, 36.243796, 36.150583, 36.030947, 35.978051, 35.953101, 35.864887, 35.88291, 35.812654, 35.861937, 35.90151, 35.858433, 35.861621, 35.929683, 35.936801, 36.005323, 36.071361, 
36.104999)))
"37","199","01008598","0500000US37199","37199","Yancey","06",809610027,1524561,"Yancey","Yancey County, North Carolina",17667,3361,1307,NA,NA,NA,NA,NA,NA,NA,NA,list(list(c(-82.5080076597225, -82.464558, -82.4169375946732, -82.351672, -82.253966, -82.197834, -82.133484, -82.193402, -82.257842, -82.275399, -82.284733, -82.335054, -82.361956, -82.408602, -82.495033, -82.5080076597225, 35.9820132054415, 36.006508, 36.0729700107085, 36.084334, 36.005321, 36.015332, 35.823309, 35.735314, 35.698852, 35.704438, 35.725526, 35.749396, 35.821245, 35.818178, 35.910075, 35.9820132054415)))
"37","057","01008548","0500000US37057","37057","Davidson","06",1432711784,37452229,"Davidson","Davidson County, North Carolina",164664,25064,32116,"CD","2908-TRANSFER-2013","Todco, Inc. - C&D Transfer","1123 Roy Lopp Road","Lexington","27292",35.82904,-80.17522,list(list(c(-80.487586, -80.398823, -80.370009, -80.394307, -80.213842, -80.21373, -80.043238, -80.046869, -80.066842, -80.182559, -80.209509, -80.330602, -80.334509, -80.423226, -80.458884, -80.487586, 35.83291, 35.841347, 35.885747, 35.972762, 35.996699, 36.026808, 36.010758, 35.920693, 35.505661, 35.504151, 35.581951, 35.678799, 35.720471, 35.725864, 35.743031, 35.83291)))
"37","077","01008556","0500000US37077","37077","Granville","06",1377850153,14503652,"Granville","Granville County, North Carolina",58874,7781,24620,NA,NA,NA,NA,NA,NA,NA,NA,list(list(c(-78.802335, -78.7962739551405, -78.7341228011172, -78.509965, -78.4572778962559, -78.497729, -78.511224, -78.496614, -78.544812, -78.546414, -78.683224, -78.751273, -78.807623, -78.802335, 36.235794, 36.5417594935816, 36.5416087348408, 36.541065, 36.5414487083995, 36.514673, 36.454808, 36.175199, 36.080846, 36.021826, 36.074484, 36.070834, 36.087688, 36.235794)))
"37","159","01008583","0500000US37159","37159","Rowan","06",1324723323,32235597,"Rowan","Rowan County, North Carolina",139605,22386,38547,NA,NA,NA,NA,NA,NA,NA,NA,list(list(c(-80.771582, -80.707826, -80.691809, -80.47182, -80.458884, -80.423226, -80.334509, -80.330602, -80.209509, -80.182559, -80.295421, -80.737379, -80.743617, -80.771582, 35.672163, 35.852929, 35.863508, 35.768356, 35.743031, 35.725864, 35.720471, 35.678799, 35.581951, 35.504151, 35.50292, 35.505804, 35.559549, 35.672163)))
"37","181","01008591","0500000US37181","37181","Vance","06",653708021,42184129,"Vance","Vance County, North Carolina",44482,10451,26681,NA,NA,NA,NA,NA,NA,NA,NA,list(list(c(-78.497729, -78.4572778962559, -78.323718509559, -78.277165, -78.306965, -78.37814, -78.42188, -78.496614, -78.511224, -78.497729, 36.514673, 36.5414487083995, 36.5424213915586, 36.306132, 36.266191, 36.235065, 36.164309, 36.175199, 36.454808, 36.514673)))
"37","123","01008572","0500000US37123","37123","Montgomery","06",1273042460,25919921,"Montgomery","Montgomery County, North Carolina",27338,5178,10042,NA,NA,NA,NA,NA,NA,NA,NA,list(list(c(-80.182559, -80.066842, -79.767957, -79.70268, -79.614304, -79.851268, -80.075365, -80.098185, -80.051225, -80.108495, -80.182559, 35.504151, 35.505661, 35.511484, 35.255907, 35.163679, 35.183855, 35.143081, 35.255173, 35.371537, 35.459451, 35.504151)))
"37","093","01008563","0500000US37093","37093","Hoke","06",1010400416,3957346,"Hoke","Hoke County, North Carolina",53239,10823,31774,NA,NA,NA,NA,NA,NA,NA,NA,list(list(c(-79.458751, -79.335477, -79.246383, -79.097591, -79.112921, -79.036917, -79.038747, -79.191391, -79.347868, -79.353124, -79.458751, 35.043639, 35.161588, 35.212964, 35.174225, 35.125651, 34.956953, 34.952715, 34.833717, 34.838553, 34.944242, 35.043639)))
"37","125","01008573","0500000US37125","37125","Moore","06",1806977326,20720875,"Moore","Moore County, North Carolina",95629,11863,21808,"CD","6301-CDLF-1992","Moore County C&D Landfill","456 Turning Leaf Way","Aberdeen",NA,35.14759,-79.48121,list(list(c(-79.767957, -79.555804, -79.350073, -79.359765, -79.273565, -79.183556, -79.223021, -79.095808, -79.097591, -79.246383, -79.335477, -79.458751, -79.575931, -79.614304, -79.70268, -79.767957, 35.511484, 35.515039, 35.518002, 35.469675, 35.353369, 35.307161, 35.268133, 35.192068, 35.174225, 35.212964, 35.161588, 35.043639, 35.069904, 35.163679, 35.255907, 35.511484)))
"37","003","01008532","0500000US37003","37003","Alexander","06",673358170,9445988,"Alexander","Alexander County, North Carolina",37119,5333,4874,"CD","0201-CDLF-1997","Alexander County CDLF","2500 Paynes Dairy Road","Taylorsville","28681",35.83881,-81.14778,list(list(c(-81.343993, -81.328324, -81.263596, -81.028833, -81.005541, -81.041339, -81.109507, -81.143053, -81.248998, -81.264611, -81.334272, -81.343993, 35.824163, 35.996583, 36.025818, 36.045652, 35.958287, 35.857855, 35.776594, 35.827887, 35.815716, 35.805212, 35.796281, 35.824163)))
"37","119","01008570","0500000US37119","37119","Mecklenburg","06",1356047125,58339340,"Mecklenburg","Mecklenburg County, North Carolina",1054314,131485,555581,"CD","6013-CDLF-1993","Greenway Waste Solutions at North Meck","15300 Holbrooks Rd","Huntersville","28078",35.401936,-80.8185,list(list(c(-81.058029, -81.036759, -81.0423024501386, -81.005806, -81.01505, -80.972597, -80.923062, -80.95486, -80.94238, -80.947344, -80.906723, -80.784167, -80.766414, -80.693061, -80.66648, -80.599733, -80.550349, -80.77248, -80.8405669090214, -80.9034811867121, -80.9062399540825, -80.93495, -81.041489, -81.058029, 35.07319, 35.122552, 35.1467686494682, 35.157023, 35.268655, 35.350338, 35.360648, 35.400078, 35.455147, 35.488473, 35.514785, 35.506017, 35.401478, 35.346379, 35.267934, 35.234105, 
35.208412, 35.033157, 35.0014715293943, 35.0720877740461, 35.0751842697656, 35.107409, 35.044703, 35.07319)))
"37","103","01026338","0500000US37103","37103","Jones","06",1220836962,6031825,"Jones","Jones County, North Carolina",9695,2526,3654,"CD","5202-TP-2012","Maysville C&D Recycling & Recovery Facility","11710 NC Hwy 17","Maysville",NA,34.9274,-77.23988,list(list(c(-77.731026, -77.601282, -77.507463, -77.527182, -77.473692, -77.113487, -77.078263, -77.161676, -77.165986, -77.267433, -77.366768, -77.502771, -77.674805, -77.731026, 35.008138, 35.071368, 35.172814, 35.243001, 35.228985, 35.072442, 34.811322, 34.795075, 34.785032, 34.925537, 34.90865, 34.969635, 34.9739, 35.008138)))
"37","103","01026338","0500000US37103","37103","Jones","06",1220836962,6031825,"Jones","Jones County, North Carolina",9695,2526,3654,"CD","5203-CDLF-2013","Maysville C & D","11710 NC Hwy 17","Maysville",NA,34.9274,-77.23988,list(list(c(-77.731026, -77.601282, -77.507463, -77.527182, -77.473692, -77.113487, -77.078263, -77.161676, -77.165986, -77.267433, -77.366768, -77.502771, -77.674805, -77.731026, 35.008138, 35.071368, 35.172814, 35.243001, 35.228985, 35.072442, 34.811322, 34.795075, 34.785032, 34.925537, 34.90865, 34.969635, 34.9739, 35.008138)))
"37","029","01026335","0500000US37029","37029","Camden","06",622448682,181112905,"Camden","Camden County, North Carolina",10447,1172,2047,NA,NA,NA,NA,NA,NA,NA,NA,list(list(c(-76.4914825754723, -76.3133029682603, -76.158532, -76.114069, -76.050755, -75.948777, -75.887984, -75.906295, -76.022398, -76.022607, -76.02939, -76.12458, -76.216211, -76.231329, -76.437286, -76.491336, -76.5419658657183, -76.4914825754723, 36.5507329938364, 36.550551089807, 36.425333, 36.357498, 36.359819, 36.285851, 36.163311, 36.085877, 36.086654, 36.096725, 36.158819, 36.263963, 36.298302, 36.37208, 36.467846, 36.510677, 36.5507845323601, 36.5507329938364)))
"37","041","01025822","0500000US37041","37041","Chowan","06",447179929,157966162,"Chowan","Chowan County, North Carolina",14205,2715,5710,NA,NA,NA,NA,NA,NA,NA,NA,list(list(c(-76.706584, -76.696571, -76.669975, -76.559646, -76.590107, -76.572077, -76.402957, -76.396794, -76.511899, -76.606214, -76.682535, -76.736933, -76.706584, 36.243796, 36.296138, 36.315214, 36.351056, 36.238862, 36.109463, 36.072867, 36.026443, 35.980726, 35.978051, 36.030947, 36.150583, 36.243796)))
"37","139","01026330","0500000US37139","37139","Pasquotank","06",587616451,161745166,"Pasquotank","Pasquotank County, North Carolina",39479,5981,17831,"CD","7002-CDLF-1996","Pasquotank County C&D Landfill","983 Simpson Ditch Road","Elizabeth City","27907",36.252872,-76.265274,list(list(c(-76.491336, -76.437286, -76.231329, -76.216211, -76.12458, -76.02939, -76.022607, -76.058217, -76.157953, -76.177396, -76.290671, -76.37488, -76.453711, -76.491405, -76.491336, 36.510677, 36.467846, 36.37208, 36.298302, 36.263963, 36.158819, 36.096725, 36.080593, 36.059517, 36.109191, 36.223497, 36.258654, 36.378092, 36.468648, 36.510677)))
"37","005","01008533","0500000US37005","37005","Alleghany","06",607100995,3715039,"Alleghany","Alleghany County, North Carolina",10973,2673,1425,NA,NA,NA,NA,NA,NA,NA,NA,list(list(c(-81.3532212246022, -81.176712, -81.061866, -80.901726, -80.901661118921, -80.973643, -80.967153, -81.026688, -81.095112, -81.162956, -81.253649, -81.244152, -81.3532212246022, 36.5762382311564, 36.571926, 36.56702, 36.561751, 36.561751187168, 36.453474, 36.40202, 36.373195, 36.440773, 36.432515, 36.366601, 36.382656, 36.5762382311564)))
"37","191","01026128","0500000US37191","37191","Wayne","06",1434638262,9855191,"Wayne","Wayne County, North Carolina",124002,25847,57362,"CD","9601-CDLF-1997","Wayne County CDLF","460B South Landfill Road","Dudley","28333",35.288517,-78.07519,list(list(c(-78.30658, -78.153243, -78.15491, -78.064784, -78.048572, -77.873751, -77.822511, -77.826744, -77.806248, -77.818068, -77.834249, -77.891892, -78.044451, -78.16342, -78.173532, -78.246217, -78.30658, 35.287604, 35.350671, 35.41781, 35.585263, 35.595877, 35.586241, 35.585383, 35.42409, 35.368754, 35.357366, 35.177846, 35.146425, 35.192535, 35.189716, 35.207348, 35.225996, 35.287604)))
"37","045","01008547","0500000US37045","37045","Cleveland","06",1202289388,10199645,"Cleveland","Cleveland County, North Carolina",97159,19262,26192,"CD","2301-CDLF-1997","Cleveland County CDLF","1607 Airport Rd","Shelby","28150",35.32646,-81.48357,list(list(c(-81.702853, -81.691989, -81.56725, -81.537599, -81.515009, -81.4556, -81.356682, -81.321729, -81.3280909892918, -81.3676049106764, -81.494265, -81.7681344077739, -81.702853, 35.357304, 35.580041, 35.558201, 35.564228, 35.557782, 35.419811, 35.330604, 35.260449, 35.1622859155574, 35.1640921612045, 35.169882, 35.1797077063839, 35.357304)))
"37","109","01008569","0500000US37109","37109","Lincoln","06",766225394,23364650,"Lincoln","Lincoln County, North Carolina",81441,11593,12168,"CD","5503-CDLF-1999","Lincoln County C&D Unit","5291 Crouse Road","Crouse","28033",35.43051,-81.3538,list(list(c(-81.535403, -80.960025, -80.939685, -80.947344, -80.94238, -80.95486, -81.4556, -81.515009, -81.537599, -81.535403, 35.568137, 35.54702, 35.529529, 35.488473, 35.455147, 35.400078, 35.419811, 35.557782, 35.564228, 35.568137)))
"37","109","01008569","0500000US37109","37109","Lincoln","06",766225394,23364650,"Lincoln","Lincoln County, North Carolina",81441,11593,12168,"CD","5504-CDLF-1999","Lake Norman Landfill","7099 Quarry Ln","Stanley","28164",35.42893,-81.014694,list(list(c(-81.535403, -80.960025, -80.939685, -80.947344, -80.94238, -80.95486, -81.4556, -81.515009, -81.537599, -81.535403, 35.568137, 35.54702, 35.529529, 35.488473, 35.455147, 35.400078, 35.419811, 35.557782, 35.564228, 35.568137)))
"37","135","01008576","0500000US37135","37135","Orange","06",1029604965,8874993,"Orange","Orange County, North Carolina",142938,17633,43814,"CD","6804-CDLF-2005","Orange County CDLF","1207 Eubanks Road","Chapel Hill","27516",35.96811,-79.08386,list(list(c(-79.257952, -79.153997, -78.950597, -79.0095, -79.016305, -79.082036, -79.249538, -79.268243, -79.257952, 36.243445, 36.241875, 36.23932, 35.902401, 35.86321, 35.860776, 35.87681, 35.909182, 36.243445)))
"37","043","01008546","0500000US37043","37043","Clay","06",556804508,15017755,"Clay","Clay County, North Carolina",10813,1700,680,NA,NA,NA,NA,NA,NA,NA,NA,list(list(c(-84.0053367334383, -83.850726, -83.738129, -83.659824, -83.4828732042907, -83.5491807535047, -83.619985, -83.936427344252, -83.936646, -84.0053367334383, 34.9876495840123, 35.140547, 35.15595, 35.160304, 34.9908739612868, 34.988803195914, 34.986592, 34.9874843833797, 34.987485, 34.9876495840123)))
"37","083","01008559","0500000US37083","37083","Halifax","06",1874467579,16925017,"Halifax","Halifax County, North Carolina",51737,12684,31800,"CD","4204-CDLF-2013","Halifax County Landfill","921 Liles Rd.","Littleton",NA,36.37977,-77.81444,list(list(c(-77.911963, -77.899524, -77.645051, -77.555275, -77.585698, -77.541108, -77.445886, -77.386595, -77.310821, -77.291519, -77.230275, -77.327569, -77.340038, -77.402614, -77.517646, -77.5407, -77.697956, -77.720742, -77.8864, -78.006551, -77.911963, 36.382446, 36.504259, 36.480642, 36.417964, 36.33551, 36.303264, 36.324888, 36.213548, 36.169452, 36.168342, 36.104999, 36.071361, 36.063998, 36.004966, 36.036775, 36.096085, 36.15315, 36.133884, 36.143994, 36.202633, 36.382446)))
"37","169","01008586","0500000US37169","37169","Stokes","06",1162940014,17584343,"Stokes","Stokes County, North Carolina",45905,6166,4022,NA,NA,NA,NA,NA,NA,NA,NA,list(list(c(-80.4401015419637, -80.431605, -80.295243, -80.0534550433501, -80.0273389151412, -80.035119, -80.451696, -80.4401015419637, 36.5505952751633, 36.550219, 36.543973, 36.5426394280866, 36.5424953856142, 36.257184, 36.261502, 36.5505952751633)))
"37","149","01008579","0500000US37149","37149","Polk","06",615606312,1964035,"Polk","Polk County, North Carolina",20458,1906,2915,NA,NA,NA,NA,NA,NA,NA,NA,list(list(c(-82.359152, -82.261305, -82.151916, -81.968788, -81.9693584012576, -82.039651, -82.0483912296479, -82.215996376597, -82.295354, -82.3531752729195, -82.359152, 35.244489, 35.393198, 35.407719, 35.257764, 35.1869270884005, 35.189449, 35.1896375433755, 35.1932531051427, 35.194965, 35.1987141296007, 35.244489)))
"37","035","01008543","0500000US37035","37035","Catawba","06",1039550849,37945123,"Catawba","Catawba County, North Carolina",156729,20377,37865,"CD","1803-CDLF-","Blackburn Resource Recovery C&D Facility","3993 Rocky Ford Road","Newton","28658",35.609146,-81.31236,list(list(c(-81.432898, -81.363796, -81.353514, -81.334272, -81.264611, -81.248998, -81.143053, -81.109507, -81.061328, -81.005321, -80.994445, -80.982037, -80.966305, -80.951241, -80.92754, -80.933483, -80.960025, -81.535403, -81.432898, 35.677847, 35.767802, 35.776268, 35.796281, 35.805212, 35.815716, 35.827887, 35.776594, 35.710641, 35.710209, 35.70211, 35.682492, 35.670313, 35.641413, 35.622978, 35.591329, 35.54702, 35.568137, 35.677847)))
"37","141","01026129","0500000US37141","37141","Pender","06",2256645188,162833566,"Pender","Pender County, North Carolina",59020,8709,14882,NA,NA,NA,NA,NA,NA,NA,NA,list(list(c(-78.256085, -78.176501, -78.255468, -78.254441, -78.113995, -78.114007, -77.980738, -77.680127, -77.576165, -77.5152165445848, -77.635034, -77.7135131704588, -77.822679, -78.029922, -78.137302, -78.16235, -78.202532, -78.256085, 34.399469, 34.465356, 34.508614, 34.553595, 34.706876, 34.721795, 34.713979, 34.720595, 34.476607, 34.4373849694266, 34.359555, 34.2902471866868, 34.389026, 34.331768, 34.371711, 34.357007, 34.353306, 34.399469)))
"37","065","01008551","0500000US37065","37065","Edgecombe","06",1309065764,3714307,"Edgecombe","Edgecombe County, North Carolina",53332,12423,33938,"CD","3301-CDLF-1997","Edgecombe County CDLF","2872 Colonial Road","Tarboro","27886",35.82237,-77.56314,list(list(c(-77.828444, -77.706966, -77.697956, -77.5407, -77.517646, -77.402614, -77.342418, -77.350369, -77.390154, -77.531262, -77.665131, -77.718436, -77.751339, -77.828444, 35.867208, 36.115503, 36.15315, 36.096085, 36.036775, 36.004966, 35.905262, 35.819228, 35.833062, 35.753528, 35.674935, 35.728823, 35.827794, 35.867208)))
"37","151","01008580","0500000US37151","37151","Randolph","06",2026195914,19801097,"Randolph","Randolph County, North Carolina",142958,22265,29512,"CD","7606-CDLF-2001","Wall Recycling CDLF","2310 Garner Road","Raleigh","27610",35.7487,-78.63173,list(list(c(-80.046869, -79.713233, -79.541728, -79.542428, -79.555804, -79.767957, -80.066842, -80.046869, 35.920693, 35.90679, 35.899851, 35.843303, 35.515039, 35.511484, 35.505661, 35.920693)))
"37","151","01008580","0500000US37151","37151","Randolph","06",2026195914,19801097,"Randolph","Randolph County, North Carolina",142958,22265,29512,"CD","7606-CDLF-2021","Wall Recycling CDLF","2310 Garner Rd","Raleigh","27610",35.7487,-78.63173,list(list(c(-80.046869, -79.713233, -79.541728, -79.542428, -79.555804, -79.767957, -80.066842, -80.046869, 35.920693, 35.90679, 35.899851, 35.843303, 35.515039, 35.511484, 35.505661, 35.920693)))
"37","151","01008580","0500000US37151","37151","Randolph","06",2026195914,19801097,"Randolph","Randolph County, North Carolina",142958,22265,29512,"CD","7606-TP-2021","Wall Recycling Facility","2310 Garner Rd","Raleigh","27610",35.7487,-78.63173,list(list(c(-80.046869, -79.713233, -79.541728, -79.542428, -79.555804, -79.767957, -80.066842, -80.046869, 35.920693, 35.90679, 35.899851, 35.843303, 35.515039, 35.511484, 35.505661, 35.920693)))
"37","193","01008595","0500000US37193","37193","Wilkes","06",1954249755,6862433,"Wilkes","Wilkes County, North Carolina",68460,13423,8520,NA,NA,NA,NA,NA,NA,NA,NA,list(list(c(-81.455792, -81.477516, -81.366725, -81.359255, -81.253649, -81.162956, -81.095112, -81.026688, -80.967153, -80.868746, -80.873205, -80.881591, -80.975675, -81.028833, -81.263596, -81.328324, -81.397817, -81.545488, -81.455792, 36.200441, 36.24025, 36.284447, 36.366433, 36.366601, 36.432515, 36.440773, 36.373195, 36.40202, 36.326447, 36.236305, 36.055718, 36.05881, 36.045652, 36.025818, 35.996583, 36.066061, 36.117475, 36.200441)))
"37","081","01008558","0500000US37081","37081","Guilford","06",1672848312,30420727,"Guilford","Guilford County, North Carolina",523582,80771,257199,"CD","4103-CDLF-1998","Greensboro, City of White Street Landfill","2503 White Street","Greensboro","27405",36.108196,-79.72976,list(list(c(-80.043238, -80.038554, -80.035119, -79.53241, -79.541728, -79.713233, -80.046869, -80.043238, 36.010758, 36.146463, 36.257184, 36.241463, 35.899851, 35.90679, 35.920693, 36.010758)))
"37","081","01008558","0500000US37081","37081","Guilford","06",1672848312,30420727,"Guilford","Guilford County, North Carolina",523582,80771,257199,"CD","4116-CDLF-2012","WI High Point Landfill, LLC","5830 Riverdale Dr","Jamestown","27282",35.951637,-79.91992,list(list(c(-80.043238, -80.038554, -80.035119, -79.53241, -79.541728, -79.713233, -80.046869, -80.043238, 36.010758, 36.146463, 36.257184, 36.241463, 35.899851, 35.90679, 35.920693, 36.010758)))
"37","081","01008558","0500000US37081","37081","Guilford","06",1672848312,30420727,"Guilford","Guilford County, North Carolina",523582,80771,257199,"CD","4117-CDLF-2008","A-1 Sandrock C&D Landfill","2091 Bishop Road","Greensboro","27406",35.993618,-79.84463,list(list(c(-80.043238, -80.038554, -80.035119, -79.53241, -79.541728, -79.713233, -80.046869, -80.043238, 36.010758, 36.146463, 36.257184, 36.241463, 35.899851, 35.90679, 35.920693, 36.010758)))
"37","081","01008558","0500000US37081","37081","Guilford","06",1672848312,30420727,"Guilford","Guilford County, North Carolina",523582,80771,257199,"CD","4117-TP-2009","A-1 Sandrock Treatment and Processing Facility","2091 Bishop Road","Greensboro","27406",35.993618,-79.84463,list(list(c(-80.043238, -80.038554, -80.035119, -79.53241, -79.541728, -79.713233, -80.046869, -80.043238, 36.010758, 36.146463, 36.257184, 36.241463, 35.899851, 35.90679, 35.920693, 36.010758)))
"37","081","01008558","0500000US37081","37081","Guilford","06",1672848312,30420727,"Guilford","Guilford County, North Carolina",523582,80771,257199,"CD","4122T-TRANSFER-2012","WI Burnt Poplar Transfer LLC","6313 Burnt Poplar Rd","Greensboro","27409",36.072575,-79.92364,list(list(c(-80.043238, -80.038554, -80.035119, -79.53241, -79.541728, -79.713233, -80.046869, -80.043238, 36.010758, 36.146463, 36.257184, 36.241463, 35.899851, 35.90679, 35.920693, 36.010758)))
"37","111","01025836","0500000US37111","37111","McDowell","06",1139477527,13976882,"McDowell","McDowell County, North Carolina",45109,7543,5647,NA,NA,NA,NA,NA,NA,NA,NA,list(list(c(-82.275399, -82.257842, -82.193402, -82.133484, -81.980168, -81.981954, -81.943188, -81.906652, -81.986885, -81.869388, -81.824122, -81.842468, -81.967619, -82.169049, -82.291026, -82.275399, 35.704438, 35.698852, 35.735314, 35.823309, 35.885046, 35.911361, 35.96005, 35.883376, 35.807066, 35.719624, 35.574983, 35.542263, 35.526007, 35.527811, 35.591322, 35.704438)))
"37","115","01025834","0500000US37115","37115","Madison","06",1164497721,4840763,"Madison","Madison County, North Carolina",21405,3586,1265,"CD","5803-CDLF-1995","Madison County C&D Unit","271 Craig Rudisill Road","Marshall","28753",35.80921,-82.71679,list(list(c(-82.9666497428986, -82.937437, -82.899718, -82.910608, -82.8937514184314, -82.860724, -82.81613, -82.787465, -82.779397, -82.725065, -82.628365, -82.6057036107936, -82.595525, -82.610885, -82.557874, -82.5080076597225, -82.495033, -82.408602, -82.513161, -82.805207, -82.883909, -82.957072, -82.9666497428986, 35.795445979574, 35.82732, 35.874602, 35.92693, 35.9338572697089, 35.94743, 35.923986, 35.952163, 35.992511, 36.018204, 36.062105, 36.0371988635619, 36.026012, 35.974442, 35.953901, 
35.9820132054415, 35.910075, 35.818178, 35.80338, 35.686067, 35.678235, 35.7467, 35.795445979574)))
"37","195","01008596","0500000US37195","37195","Wilson","06",952012785,14332690,"Wilson","Wilson County, North Carolina",81336,17141,42950,NA,NA,NA,NA,NA,NA,NA,NA,list(list(c(-78.192117, -77.915657, -77.844737, -77.828444, -77.751339, -77.718436, -77.665131, -77.700692, -77.801777, -77.822511, -77.873751, -78.048572, -78.064784, -78.115641, -78.161255, -78.192117, 35.730545, 35.83645, 35.837618, 35.867208, 35.827794, 35.728823, 35.674935, 35.652295, 35.586205, 35.585383, 35.586241, 35.595877, 35.585263, 35.600433, 35.712871, 35.730545)))
"37","173","01008588","0500000US37173","37173","Swain","06",1366810458,32416167,"Swain","Swain County, North Carolina",14254,2436,5386,NA,NA,NA,NA,NA,NA,NA,NA,list(list(c(-83.916801, -83.848502, -83.771736, -83.6629119015893, -83.653159, -83.587827, -83.498335, -83.452431, -83.421576, -83.347262, -83.297154, -83.26474416829, -83.181977, -83.155835, -83.186322, -83.236073, -83.351726, -83.339609, -83.467181, -83.680114, -83.585756, -83.9532313801504, -83.916801, 35.473612, 35.519259, 35.562118, 35.5677997932083, 35.568309, 35.566963, 35.562981, 35.602918, 35.611186, 35.660474, 35.65775, 35.7030894961701, 35.671327, 35.552622, 35.514368, 35.524564, 35.468092, 
35.330993, 35.297861, 35.2795, 35.434832, 35.4600208895767, 35.473612)))
"37","019","01026340","0500000US37019","37019","Brunswick","06",2199384967,518918112,"Brunswick","Brunswick County, North Carolina",126860,16201,23147,"CD","1007-CDLF-1997","Brunswick County CDLF","172 Landfill Rd NE","Bolivia","28422",34.042538,-78.250946,list(list(c(-78.640688, -78.557052, -78.545218, -78.515289, -78.422921, -78.374295, -78.254622, -78.16235, -78.137302, -78.029922, -77.956605, -77.8854550755211, -77.915536, -77.9348271350857, -77.960172, -78.006765, -78.018689, -78.136952, -78.276147, -78.383964, -78.541087, -78.615932, -78.6508712805333, -78.640688, 34.009854, 34.061849, 34.145747, 34.165865, 34.139494, 34.204893, 34.216305, 34.357007, 34.371711, 34.331768, 34.234491, 34.038240984853, 33.971723, 33.9205485057973, 33.853315, 33.858704, 
33.888289, 33.912178, 33.912364, 33.901946, 33.851112, 33.915523, 33.9450557205328, 34.009854)))
"37","183","01008592","0500000US37183","37183","Wake","06",2162178923,58072194,"Wake","Wake County, North Carolina",1046558,99877,415361,"CD","9224-MWP-2012","Wake Reclamation, LLC","421 Raleigh View Road","Raleigh","27610",35.746346,-78.63385,list(list(c(-78.936271, -78.909425, -78.906071, -78.829965, -78.806756, -78.75821, -78.699316, -78.751273, -78.683224, -78.546414, -78.307409, -78.255973, -78.468503, -78.642702, -78.708902, -78.914734, -78.995059, -78.936271, 35.771898, 35.842937, 35.868096, 35.866978, 35.922925, 35.921558, 36.011448, 36.070834, 36.074484, 36.021826, 35.896738, 35.81812, 35.707072, 35.570065, 35.519458, 35.583672, 35.610135, 35.771898)))
"37","183","01008592","0500000US37183","37183","Wake","06",2162178923,58072194,"Wake","Wake County, North Carolina",1046558,99877,415361,"CD","9226-CDLF-2020","Shotwell Landfill, Inc","4724 Smithfield Rd","Wendell","27591",35.73116,-78.440125,list(list(c(-78.936271, -78.909425, -78.906071, -78.829965, -78.806756, -78.75821, -78.699316, -78.751273, -78.683224, -78.546414, -78.307409, -78.255973, -78.468503, -78.642702, -78.708902, -78.914734, -78.995059, -78.936271, 35.771898, 35.842937, 35.868096, 35.866978, 35.922925, 35.921558, 36.011448, 36.070834, 36.074484, 36.021826, 35.896738, 35.81812, 35.707072, 35.570065, 35.519458, 35.583672, 35.610135, 35.771898)))
"37","183","01008592","0500000US37183","37183","Wake","06",2162178923,58072194,"Wake","Wake County, North Carolina",1046558,99877,415361,"CD","9227T-TRANSFER-2012","Thornton Road Mixed Waste Transfer and Recycling Center","5111 Chin Page Rd.","Durham","27703",35.896004,-78.836334,list(list(c(-78.936271, -78.909425, -78.906071, -78.829965, -78.806756, -78.75821, -78.699316, -78.751273, -78.683224, -78.546414, -78.307409, -78.255973, -78.468503, -78.642702, -78.708902, -78.914734, -78.995059, -78.936271, 35.771898, 35.842937, 35.868096, 35.866978, 35.922925, 35.921558, 36.011448, 36.070834, 36.074484, 36.021826, 35.896738, 35.81812, 35.707072, 35.570065, 35.519458, 35.583672, 35.610135, 35.771898)))
"37","183","01008592","0500000US37183","37183","Wake","06",2162178923,58072194,"Wake","Wake County, North Carolina",1046558,99877,415361,"CD","9228-CDLF-2001","Red Rock Disposal C&D Landfill","7130 New Landfill Drive","Holly Springs","27540",35.60415,-78.897575,list(list(c(-78.936271, -78.909425, -78.906071, -78.829965, -78.806756, -78.75821, -78.699316, -78.751273, -78.683224, -78.546414, -78.307409, -78.255973, -78.468503, -78.642702, -78.708902, -78.914734, -78.995059, -78.936271, 35.771898, 35.842937, 35.868096, 35.866978, 35.922925, 35.921558, 36.011448, 36.070834, 36.074484, 36.021826, 35.896738, 35.81812, 35.707072, 35.570065, 35.519458, 35.583672, 35.610135, 35.771898)))
"37","183","01008592","0500000US37183","37183","Wake","06",2162178923,58072194,"Wake","Wake County, North Carolina",1046558,99877,415361,"CD","9229T-TRANSFER-2020","Shotwell Transfer Station II","103 Rupert Rd","Raleigh","27603",35.71558,-78.66401,list(list(c(-78.936271, -78.909425, -78.906071, -78.829965, -78.806756, -78.75821, -78.699316, -78.751273, -78.683224, -78.546414, -78.307409, -78.255973, -78.468503, -78.642702, -78.708902, -78.914734, -78.995059, -78.936271, 35.771898, 35.842937, 35.868096, 35.866978, 35.922925, 35.921558, 36.011448, 36.070834, 36.074484, 36.021826, 35.896738, 35.81812, 35.707072, 35.570065, 35.519458, 35.583672, 35.610135, 35.771898)))
"37","183","01008592","0500000US37183","37183","Wake","06",2162178923,58072194,"Wake","Wake County, North Carolina",1046558,99877,415361,"CD","9230-CDLF-2014","Greenway Waste Solutions of Apex, LLC","5940 Old Smithfield Rd","Apex","27539",35.684677,-78.8393,list(list(c(-78.936271, -78.909425, -78.906071, -78.829965, -78.806756, -78.75821, -78.699316, -78.751273, -78.683224, -78.546414, -78.307409, -78.255973, -78.468503, -78.642702, -78.708902, -78.914734, -78.995059, -78.936271, 35.771898, 35.842937, 35.868096, 35.866978, 35.922925, 35.921558, 36.011448, 36.070834, 36.074484, 36.021826, 35.896738, 35.81812, 35.707072, 35.570065, 35.519458, 35.583672, 35.610135, 35.771898)))
"37","183","01008592","0500000US37183","37183","Wake","06",2162178923,58072194,"Wake","Wake County, North Carolina",1046558,99877,415361,"CD","9231-CDLF-2012","Brownfield Road C&D Landfill","7130 New Landfill Drive","Holly Springs","27540",35.60415,-78.897575,list(list(c(-78.936271, -78.909425, -78.906071, -78.829965, -78.806756, -78.75821, -78.699316, -78.751273, -78.683224, -78.546414, -78.307409, -78.255973, -78.468503, -78.642702, -78.708902, -78.914734, -78.995059, -78.936271, 35.771898, 35.842937, 35.868096, 35.866978, 35.922925, 35.921558, 36.011448, 36.070834, 36.074484, 36.021826, 35.896738, 35.81812, 35.707072, 35.570065, 35.519458, 35.583672, 35.610135, 35.771898)))
"37","183","01008592","0500000US37183","37183","Wake","06",2162178923,58072194,"Wake","Wake County, North Carolina",1046558,99877,415361,"CD","9234-TRANSFER-2012","Wake Transfer Station","9220 Durant Rd.","Raleigh","27616",35.897182,-78.56948,list(list(c(-78.936271, -78.909425, -78.906071, -78.829965, -78.806756, -78.75821, -78.699316, -78.751273, -78.683224, -78.546414, -78.307409, -78.255973, -78.468503, -78.642702, -78.708902, -78.914734, -78.995059, -78.936271, 35.771898, 35.842937, 35.868096, 35.866978, 35.922925, 35.921558, 36.011448, 36.070834, 36.074484, 36.021826, 35.896738, 35.81812, 35.707072, 35.570065, 35.519458, 35.583672, 35.610135, 35.771898)))
"37","183","01008592","0500000US37183","37183","Wake","06",2162178923,58072194,"Wake","Wake County, North Carolina",1046558,99877,415361,"CD","9237T-TRANSFER-2020","Capitol Waste Transfer, LLC","424 Warehouse Dr","Raleigh","27610",35.752327,-78.631744,list(list(c(-78.936271, -78.909425, -78.906071, -78.829965, -78.806756, -78.75821, -78.699316, -78.751273, -78.683224, -78.546414, -78.307409, -78.255973, -78.468503, -78.642702, -78.708902, -78.914734, -78.995059, -78.936271, 35.771898, 35.842937, 35.868096, 35.866978, 35.922925, 35.921558, 36.011448, 36.070834, 36.074484, 36.021826, 35.896738, 35.81812, 35.707072, 35.570065, 35.519458, 35.583672, 35.610135, 35.771898)))
"37","183","01008592","0500000US37183","37183","Wake","06",2162178923,58072194,"Wake","Wake County, North Carolina",1046558,99877,415361,"CD","9240-MWP-2017","Elite Waste Services Pristine Water Facility","520 Pristine Water Dr.","Apex","27539",35.7088,-78.828606,list(list(c(-78.936271, -78.909425, -78.906071, -78.829965, -78.806756, -78.75821, -78.699316, -78.751273, -78.683224, -78.546414, -78.307409, -78.255973, -78.468503, -78.642702, -78.708902, -78.914734, -78.995059, -78.936271, 35.771898, 35.842937, 35.868096, 35.866978, 35.922925, 35.921558, 36.011448, 36.070834, 36.074484, 36.021826, 35.896738, 35.81812, 35.707072, 35.570065, 35.519458, 35.583672, 35.610135, 35.771898)))
"37","183","01008592","0500000US37183","37183","Wake","06",2162178923,58072194,"Wake","Wake County, North Carolina",1046558,99877,415361,"CD","9242-MWP-2020","Wall Recycling - Garner Road","2310 Garner Road","Raleigh","27610",35.7487,-78.63173,list(list(c(-78.936271, -78.909425, -78.906071, -78.829965, -78.806756, -78.75821, -78.699316, -78.751273, -78.683224, -78.546414, -78.307409, -78.255973, -78.468503, -78.642702, -78.708902, -78.914734, -78.995059, -78.936271, 35.771898, 35.842937, 35.868096, 35.866978, 35.922925, 35.921558, 36.011448, 36.070834, 36.074484, 36.021826, 35.896738, 35.81812, 35.707072, 35.570065, 35.519458, 35.583672, 35.610135, 35.771898)))
"37","047","01026339","0500000US37047","37047","Columbus","06",2429710310,43724143,"Columbus","Columbus County, North Carolina",56293,12666,22896,"CD","2404-TRANSFER-2020","Big D T&P Facility","1535 Old 87 Road","Delco",NA,34.3141,-78.20673,list(list(c(-79.0712436122253, -78.959698, -78.868961, -78.830353, -78.648373, -78.44532, -78.334569, -78.256085, -78.202532, -78.16235, -78.254622, -78.374295, -78.422921, -78.515289, -78.545218, -78.557052, -78.640688, -78.6508712805333, -78.81171, -79.071169, -79.0712436122253, 34.2993039510346, 34.443008, 34.484778, 34.462578, 34.460869, 34.3774, 34.367536, 34.399469, 34.353306, 34.357007, 34.216305, 34.204893, 34.139494, 34.165865, 34.145747, 34.061849, 34.009854, 33.9450557205328, 34.081006, 
34.29924, 34.2993039510346)))
"37","099","01008566","0500000US37099","37099","Jackson","06",1272183341,9754291,"Jackson","Jackson County, North Carolina",42256,7439,8054,NA,NA,NA,NA,NA,NA,NA,NA,list(list(c(-83.351726, -83.236073, -83.186322, -83.164571, -82.920881, -82.983216, -83.056889, -83.0084728122692, -83.108606, -83.1086129965073, -83.143257, -83.223796, -83.224332, -83.276955, -83.339609, -83.351726, 35.468092, 35.524564, 35.514368, 35.509571, 35.292037, 35.13192, 35.053827, 35.0269185439239, 35.000659, 35.0006588436777, 35.077927, 35.157386, 35.238645, 35.228045, 35.330993, 35.468092)))
"37","067","01008552","0500000US37067","37067","Forsyth","06",1056149964,11784294,"Forsyth","Forsyth County, North Carolina",371573,63652,159729,"CD","3424-TRANSFER-2020","Abbey Green Transfer Station","5030 Overdale Road","Winston-Salem","27017",36.031734,-80.233116,list(list(c(-80.505532, -80.439104, -80.432241, -80.452322, -80.451696, -80.035119, -80.038554, -80.043238, -80.21373, -80.213842, -80.394307, -80.463592, -80.496283, -80.505532, 36.109155, 36.139949, 36.217995, 36.241419, 36.261502, 36.257184, 36.146463, 36.010758, 36.026808, 35.996699, 35.972762, 36.062541, 36.046545, 36.109155)))
"37","025","01008540","0500000US37025","37025","Cabarrus","06",935602088,7006691,"Cabarrus","Cabarrus County, North Carolina",201448,21822,66819,"CD","1306-CDLF-2000","Highway 49 C&D Landfill & Recycling Greenway Waste","2105 Speedrail Court","Concord","28025",35.33737,-80.61262,list(list(c(-80.784167, -80.737379, -80.295421, -80.497375, -80.504985, -80.550349, -80.599733, -80.66648, -80.693061, -80.766414, -80.784167, 35.506017, 35.505804, 35.50292, 35.202104, 35.184998, 35.208412, 35.234105, 35.267934, 35.346379, 35.401478, 35.506017)))
"37","025","01008540","0500000US37025","37025","Cabarrus","06",935602088,7006691,"Cabarrus","Cabarrus County, North Carolina",201448,21822,66819,"CD","1306-COMPOST-2019","Highway 49 C&D Landfill & Recycling Greenway Waste","2105 Speedrail Court","Concord","28025",35.33737,-80.61262,list(list(c(-80.784167, -80.737379, -80.295421, -80.497375, -80.504985, -80.550349, -80.599733, -80.66648, -80.693061, -80.766414, -80.784167, 35.506017, 35.505804, 35.50292, 35.202104, 35.184998, 35.208412, 35.234105, 35.267934, 35.346379, 35.401478, 35.506017)))
"37","025","01008540","0500000US37025","37025","Cabarrus","06",935602088,7006691,"Cabarrus","Cabarrus County, North Carolina",201448,21822,66819,"CD","1302-CDLF-2006","Cabarrus County CDLF","4441 Irish Potato Road","Concord","28026",35.47773,-80.51696,list(list(c(-80.784167, -80.737379, -80.295421, -80.497375, -80.504985, -80.550349, -80.599733, -80.66648, -80.693061, -80.766414, -80.784167, 35.506017, 35.505804, 35.50292, 35.202104, 35.184998, 35.208412, 35.234105, 35.267934, 35.346379, 35.401478, 35.506017)))
"37","165","01008585","0500000US37165","37165","Scotland","06",826570075,3841985,"Scotland","Scotland County, North Carolina",35262,9030,19886,"CD","8301-CDLF-1997","Scotland County CDLF","10681 Patterson Rd","Maxton","28352",34.72503024,-79.38609846,list(list(c(-79.6929463837093, -79.614045, -79.561856, -79.573423, -79.458751, -79.353124, -79.347868, -79.330825, -79.4617910310013, -79.675299, -79.6929463837093, 34.8049623069232, 34.815309, 34.91035, 34.99221, 35.043639, 34.944242, 34.838553, 34.774078, 34.6300306785915, 34.804744, 34.8049623069232)))
"37","095","01008564","0500000US37095","37095","Hyde","06",1585935371,2192960963,"Hyde","Hyde County, North Carolina",5393,1062,2215,NA,NA,NA,NA,NA,NA,NA,NA,list(list(c(-76.637513, -76.405971, -76.269247, -76.285839, -76.213895, -76.144653, -76.027479, -75.901342, -75.814021, -75.7495614239622, -75.757916, -75.912985, -76.013145, -76.065774, -76.304136, -76.454738, -76.522131, -76.599085, -76.509605, -76.467761, -76.588191, -76.637513, 35.705215, 35.697579, 35.690754, 35.604464, 35.598238, 35.702488, 35.668849, 35.668952, 35.500182, 35.1856163621922, 35.183079, 35.1196, 35.061855, 35.124937, 35.201453, 35.334376, 35.353623, 35.51996, 35.518356, 35.556504, 
35.620654, 35.705215)))
"37","127","01008574","0500000US37127","37127","Nash","06",1399739813,6177826,"Nash","Nash County, North Carolina",94003,14269,46647,"CD","6403-CDLF-2000","Nash County C&D Landfill","3057 Duke Rd","Nashville","27856",36.062485,-77.99392,list(list(c(-78.255973, -78.006551, -77.8864, -77.720742, -77.697956, -77.706966, -77.828444, -77.844737, -77.915657, -78.192117, -78.23251, -78.255973, 35.81812, 36.202633, 36.143994, 36.133884, 36.15315, 36.115503, 35.867208, 35.837618, 35.83645, 35.730545, 35.751256, 35.81812)))
"37","145","01008577","0500000US37145","37145","Person","06",1016141536,31218721,"Person","Person County, North Carolina",39305,6836,13217,NA,NA,NA,NA,NA,NA,NA,NA,list(list(c(-79.1383358988714, -78.942009, -78.7962739551405, -78.802335, -78.950597, -79.153997, -79.1383358988714, 36.5416382700559, 36.542113, 36.5417594935816, 36.235794, 36.23932, 36.241875, 36.5416382700559)))
"37","155","01026130","0500000US37155","37155","Robeson","06",2453435692,5076394,"Robeson","Robeson County, North Carolina",133442,36504,99430,"CD","7803-CDLF-1997","Robeson County CDLF","246 Landfill Road","Saint Pauls","28384",34.79254286,-78.91135747,list(list(c(-79.4617910310013, -79.330825, -79.347868, -79.191391, -79.038747, -78.940844, -78.901998, -78.805721, -78.868961, -78.959698, -79.0712436122253, -79.0712542010482, -79.358317, -79.4502772890434, -79.4617910310013, 34.6300306785915, 34.774078, 34.838553, 34.833717, 34.952715, 34.903368, 34.835268, 34.689202, 34.484778, 34.443008, 34.2993039510346, 34.2993130268419, 34.545358, 34.6206089970087, 34.6300306785915)))
"37","037","01008544","0500000US37037","37037","Chatham","06",1765640373,70634835,"Chatham","Chatham County, North Carolina",69791,8241,19869,"CD","1912-TP-2020","Pinnacle Waste Goldson Facility","13415 Hwy 421","Goldston","27252",35.57112,-79.29744,list(list(c(-79.542428, -79.237295, -79.249538, -79.082036, -79.016305, -78.906071, -78.909425, -78.936271, -78.995059, -78.914734, -78.96964, -79.117096, -79.244663, -79.350073, -79.555804, -79.542428, 35.843303, 35.844247, 35.87681, 35.860776, 35.86321, 35.868096, 35.842937, 35.771898, 35.610135, 35.583672, 35.521669, 35.628164, 35.569116, 35.518002, 35.515039, 35.843303)))
"37","085","01008560","0500000US37085","37085","Harnett","06",1541110995,16367252,"Harnett","Harnett County, North Carolina",130361,21495,49831,"CD","4302-CDLF-2018","Harnett County Dunn-Erwin C&D Landfill","449 Daniels Road","Dunn","28334",35.369686,-78.64849,list(list(c(-79.183556, -78.96964, -78.914734, -78.708902, -78.660555, -78.529851, -78.538349, -78.583451, -78.617127, -78.794564, -78.880408, -79.095808, -79.223021, -79.183556, 35.307161, 35.521669, 35.583672, 35.519458, 35.496245, 35.334935, 35.31641, 35.296779, 35.245578, 35.266047, 35.23044, 35.192068, 35.268133, 35.307161)))
"37","085","01008560","0500000US37085","37085","Harnett","06",1541110995,16367252,"Harnett","Harnett County, North Carolina",130361,21495,49831,"CD","4303-CDLF-1997","Harnett Co. Anderson Creek C&D Landfill","1086 Poplar Drive","Lillington","27546",35.29316,-78.99493,list(list(c(-79.183556, -78.96964, -78.914734, -78.708902, -78.660555, -78.529851, -78.538349, -78.583451, -78.617127, -78.794564, -78.880408, -79.095808, -79.223021, -79.183556, 35.307161, 35.521669, 35.583672, 35.519458, 35.496245, 35.334935, 35.31641, 35.296779, 35.245578, 35.266047, 35.23044, 35.192068, 35.268133, 35.307161)))
"37","137","01023355","0500000US37137","37137","Pamlico","06",871535581,583071738,"Pamlico","Pamlico County, North Carolina",12742,1696,3284,NA,NA,NA,NA,NA,NA,NA,NA,list(list(c(-76.987266, -76.895919, -76.845505, -76.632561, -76.590497, -76.522131, -76.454738, -76.304136, -76.71158, -76.780586, -76.953285, -76.940819, -76.987266, 35.15495, 35.253889, 35.216059, 35.235324, 35.361857, 35.353623, 35.334376, 35.201453, 34.981768, 34.950434, 35.021248, 35.119103, 35.15495)))
"37","061","01026132","0500000US37061","37061","Duplin","06",2110160387,14193279,"Duplin","Duplin County, North Carolina",59062,14056,28492,NA,NA,NA,NA,NA,NA,NA,NA,list(list(c(-78.147129, -78.16342, -78.044451, -77.891892, -77.834249, -77.769177, -77.746354, -77.731026, -77.674805, -77.653352, -77.680127, -77.980738, -78.114007, -78.198642, -78.147129, 34.902506, 35.189716, 35.192535, 35.146425, 35.177846, 35.145576, 35.030096, 35.008138, 34.9739, 34.940535, 34.720595, 34.713979, 34.721795, 34.741637, 34.902506)))
"37","175","01008589","0500000US37175","37175","Transylvania","06",980141494,5110139,"Transylvania","Transylvania County, North Carolina",33513,4776,3249,NA,NA,NA,NA,NA,NA,NA,NA,list(list(c(-83.056889, -82.983216, -82.920881, -82.83199, -82.745139, -82.619248, -82.5777151484413, -82.68604, -82.746431, -82.7620595521136, -82.783283, -82.897499, -83.0084728122692, -83.056889, 35.053827, 35.13192, 35.292037, 35.318343, 35.422967, 35.303708, 35.1464753478475, 35.124545, 35.079131, 35.0818744360041, 35.0856, 35.056021, 35.0269185439239, 35.053827)))
"37","097","01008565","0500000US37097","37097","Iredell","06",1487149246,60191446,"Iredell","Iredell County, North Carolina",172525,20230,40981,NA,NA,NA,NA,NA,NA,NA,NA,list(list(c(-81.109507, -81.041339, -81.005541, -81.028833, -80.975675, -80.881591, -80.693197, -80.707826, -80.771582, -80.743617, -80.737379, -80.784167, -80.906723, -80.947344, -80.939685, -80.960025, -80.933483, -80.92754, -80.951241, -80.966305, -80.982037, -80.994445, -81.005321, -81.061328, -81.109507, 35.776594, 35.857855, 35.958287, 36.045652, 36.05881, 36.055718, 36.05126, 35.852929, 35.672163, 35.559549, 35.505804, 35.506017, 35.514785, 35.488473, 35.529529, 35.54702, 35.591329, 35.622978, 
35.641413, 35.670313, 35.682492, 35.70211, 35.710209, 35.710641, 35.776594)))
"37","177","01026332","0500000US37177","37177","Tyrrell","06",1012103919,534574452,"Tyrrell","Tyrrell County, North Carolina",4119,863,1922,NA,NA,NA,NA,NA,NA,NA,NA,list(list(c(-76.405603, -76.353554, -76.380009, -76.358393, -76.186705, -76.157953, -76.058217, -76.022607, -76.022398, -75.906295, -75.874806, -75.840046, -75.973152, -76.008348, -76.027479, -76.144653, -76.213895, -76.285839, -76.269247, -76.405971, -76.405603, 35.786294, 35.861301, 35.914666, 36.020019, 36.047725, 36.059517, 36.080593, 36.096725, 36.086654, 36.085877, 36.041789, 36.028834, 35.976643, 35.895802, 35.668849, 35.702488, 35.598238, 35.604464, 35.690754, 35.697579, 35.786294)))
"37","021","01008538","0500000US37021","37021","Buncombe","06",1700318982,8942803,"Buncombe","Buncombe County, North Carolina",254474,30609,41701,"CD","1107-CDLF-1998","Buncombe County C&D Unit","81 Panther Branch Road","Alexander","28701",35.727463,-82.64326,list(list(c(-82.883909, -82.805207, -82.513161, -82.408602, -82.361956, -82.335054, -82.284733, -82.275399, -82.291026, -82.169049, -82.233203, -82.265795, -82.33257, -82.495208, -82.532713, -82.673343, -82.745139, -82.798174, -82.77055, -82.84609, -82.883909, 35.678235, 35.686067, 35.80338, 35.818178, 35.821245, 35.749396, 35.725526, 35.704438, 35.591322, 35.527811, 35.519402, 35.467818, 35.500194, 35.445186, 35.416615, 35.459453, 35.422967, 35.469805, 35.575932, 35.614309, 35.678235)))
"37","049","01026123","0500000US37049","37049","Craven","06",1830077186,172715012,"Craven","Craven County, North Carolina",103082,14915,35120,NA,NA,NA,NA,NA,NA,NA,NA,list(list(c(-77.431319, -77.391026, -77.29434, -77.247896, -77.189115, -76.958887, -76.895919, -76.987266, -76.940819, -76.953285, -76.780586, -76.71158, -76.652571, -76.693018, -76.883201, -76.954438, -77.078263, -77.113487, -77.473692, -77.431319, 35.329781, 35.339533, 35.379137, 35.354415, 35.418362, 35.301013, 35.253889, 35.15495, 35.119103, 35.021248, 34.950434, 34.981768, 34.937595, 34.86918, 34.844893, 34.809066, 34.811322, 35.072442, 35.228985, 35.329781)))
"37","161","01008584","0500000US37161","37161","Rutherford","06",1464476249,4692788,"Rutherford","Rutherford County, North Carolina",66532,11731,11019,"CD","8103-CDLF-2002","Rutherford County C&D","656 Laurel Hill Dr.","Rutherfordton","28139",35.350338,-81.951744,list(list(c(-82.265795, -82.233203, -82.169049, -81.967619, -81.842468, -81.824122, -81.753407, -81.691989, -81.702853, -81.7681344077739, -81.8744102050921, -81.9693584012576, -81.968788, -82.151916, -82.261305, -82.280563, -82.265795, 35.467818, 35.519402, 35.527811, 35.526007, 35.542263, 35.574983, 35.613588, 35.580041, 35.357304, 35.1797077063839, 35.183520599502, 35.1869270884005, 35.257764, 35.407719, 35.393198, 35.443069, 35.467818)))
"37","069","01008553","0500000US37069","37069","Franklin","06",1273757057,7178682,"Franklin","Franklin County, North Carolina",64902,9093,23658,"CD","3505-MWP-2020","Wall Recycling","2310 Garner Rd.","Raleigh","27610",35.7487,-78.63173,list(list(c(-78.544812, -78.496614, -78.42188, -78.37814, -78.306965, -78.133399, -78.108277, -78.006551, -78.255973, -78.307409, -78.546414, -78.544812, 36.080846, 36.175199, 36.164309, 36.235065, 36.266191, 36.246383, 36.209876, 36.202633, 35.81812, 35.896738, 36.021826, 36.080846)))
"37","069","01008553","0500000US37069","37069","Franklin","06",1273757057,7178682,"Franklin","Franklin County, North Carolina",64902,9093,23658,"CD","3505-TP-2020","Wall Recycling","2310 Garner Rd.","Raleigh","27610",35.7487,-78.63173,list(list(c(-78.544812, -78.496614, -78.42188, -78.37814, -78.306965, -78.133399, -78.108277, -78.006551, -78.255973, -78.307409, -78.546414, -78.544812, 36.080846, 36.175199, 36.164309, 36.235065, 36.266191, 36.246383, 36.209876, 36.202633, 35.81812, 35.896738, 36.021826, 36.080846)))
"37","133","01026341","0500000US37133","37133","Onslow","06",1973417749,371022642,"Onslow","Onslow County, North Carolina",193912,23880,65094,"CD","6712-TRANSFER-2016","Folkstone C&D Recycling Collection/Transfer Facility","1172 Hwy 172","Jacksonville","28546",34.53931339,-77.50271081,list(list(c(-77.653352, -77.674805, -77.502771, -77.366768, -77.267433, -77.165986, -77.096073, -77.1129643930768, -77.136843, -77.240991, -77.322524, -77.462922, -77.5152165445848, -77.576165, -77.680127, -77.653352, 34.940535, 34.9739, 34.969635, 34.90865, 34.925537, 34.785032, 34.67124, 34.6380928323915, 34.632926, 34.587507, 34.535574, 34.471354, 34.4373849694266, 34.476607, 34.720595, 34.940535)))
"37","131","01008575","0500000US37131","37131","Northampton","06",1389897901,36025883,"Northampton","Northampton County, North Carolina",20186,4216,12381,NA,NA,NA,NA,NA,NA,NA,NA,list(list(c(-77.8997741360467, -77.7671039699267, -77.749706, -77.2987701888118, -77.190175, -77.1643226037182, -77.066463, -77.122959, -77.208468, -77.29825, -77.291519, -77.310821, -77.386595, -77.445886, -77.541108, -77.585698, -77.555275, -77.645051, -77.899524, -77.8997741360467, 36.5448507330424, 36.5454424093355, 36.54552, 36.5460390108545, 36.546164, 36.5461528198479, 36.496511, 36.471218, 36.246578, 36.207708, 36.168342, 36.169452, 36.213548, 36.324888, 36.303264, 36.33551, 36.417964, 36.480642, 
36.504259, 36.5448507330424)))
"37","143","01025841","0500000US37143","37143","Perquimans","06",640099675,211829497,"Perquimans","Perquimans County, North Carolina",13459,2055,3755,NA,NA,NA,NA,NA,NA,NA,NA,list(list(c(-76.590107, -76.559646, -76.453711, -76.37488, -76.290671, -76.177396, -76.157953, -76.186705, -76.358393, -76.396794, -76.402957, -76.572077, -76.590107, 36.238862, 36.351056, 36.378092, 36.258654, 36.223497, 36.109191, 36.059517, 36.047725, 36.020019, 36.026443, 36.072867, 36.109463, 36.238862)))
"37","079","01008557","0500000US37079","37079","Greene","06",690851081,1217389,"Greene","Greene County, North Carolina",21008,4781,11145,"CD","4002-CDLF-1997","Greene County CDLF","105 Landfill Rd.","Walstonburg",NA,35.52534,-77.69504,list(list(c(-77.822511, -77.801777, -77.700692, -77.61037, -77.503408, -77.475515, -77.676719, -77.697516, -77.806248, -77.826744, -77.822511, 35.585383, 35.586205, 35.652295, 35.567552, 35.517975, 35.426655, 35.347344, 35.377097, 35.368754, 35.42409, 35.585383)))
"37","033","01008542","0500000US37033","37033","Caswell","06",1101692701,8643881,"Caswell","Caswell County, North Carolina",22746,4273,8833,NA,NA,NA,NA,NA,NA,NA,NA,list(list(c(-79.5136476625086, -79.510647, -79.4700566739243, -79.3431159193695, -79.2184554959223, -79.1383358988714, -79.153997, -79.257952, -79.531865, -79.5136476625086, 36.5407482050707, 36.540738, 36.5408361497866, 36.5411430999685, 36.5414445361761, 36.5416382700559, 36.241875, 36.243445, 36.249673, 36.5407482050707)))
"37","071","01008554","0500000US37071","37071","Gaston","06",921311293,20627404,"Gaston","Gaston County, North Carolina",216585,33324,58421,"CD","3606-CDLF-1995","Gaston County C&D Landfill","3155 Philadelphia Church Road","Dallas","28168",35.38615,-81.17044,list(list(c(-81.4556, -80.95486, -80.923062, -80.972597, -81.01505, -81.005806, -81.0423024501386, -81.04287, -81.3280909892918, -81.321729, -81.356682, -81.4556, 35.419811, 35.400078, 35.360648, 35.350338, 35.268655, 35.157023, 35.1467686494682, 35.149248, 35.1622859155574, 35.260449, 35.330604, 35.419811)))
"37","117","01026328","0500000US37117","37117","Martin","06",1182135162,746610,"Martin","Martin County, North Carolina",23054,4172,11051,"CD","5901-CDLF-1995","Martin County C&D Landfill","1445 Landfill Rd","Williamston","27892",35.86478,-77.09429,list(list(c(-77.402614, -77.340038, -77.327569, -77.205817, -77.195882, -77.027544, -77.04405, -77.00525, -76.93904, -76.894022, -76.891106, -76.834825, -76.760598, -76.777404, -76.847264, -76.985842, -77.174, -77.2552, -77.350369, -77.342418, -77.402614, 36.004966, 36.063998, 36.071361, 36.005323, 35.936801, 35.929683, 35.861621, 35.858433, 35.90151, 35.861937, 35.812654, 35.88291, 35.864887, 35.857839, 35.719982, 35.658848, 35.732831, 35.786352, 35.819228, 35.905262, 36.004966)))
"37","073","01026126","0500000US37073","37073","Gates","06",882181716,13292008,"Gates","Gates County, North Carolina",11563,1270,4275,NA,NA,NA,NA,NA,NA,NA,NA,list(list(c(-76.9160376328562, -76.9157318023497, -76.738329, -76.5419658657183, -76.491336, -76.491405, -76.453711, -76.559646, -76.669975, -76.696571, -76.779467, -76.946258, -76.9160376328562, 36.5460813302903, 36.5460897693389, 36.550985, 36.5507845323601, 36.510677, 36.468648, 36.378092, 36.351056, 36.315214, 36.296138, 36.362469, 36.413822, 36.5460813302903)))
"37","011","01008536","0500000US37011","37011","Avery","06",640602132,445285,"Avery","Avery County, North Carolina",17501,2056,2203,"CD","0603-CDLF-1996","Avery County C&D Landfill","2175 Brushy Creek Rd","Spruce Pine",NA,35.95062,-82.0005,list(list(c(-82.080143, -82.02874, -81.960101, -81.9343692444926, -81.9184444729048, -81.907698, -81.82923, -81.810516, -81.735673, -81.807162, -81.899871, -81.943188, -81.981954, -82.034104, -82.0811489171324, -82.080143, 36.10572, 36.124322, 36.228131, 36.2647162043798, 36.2873579173821, 36.214163, 36.168791, 36.111511, 36.067584, 35.961955, 35.999909, 35.96005, 35.911361, 35.942057, 36.1056921143326, 36.10572)))
"37","075","01008555","0500000US37075","37075","Graham","06",756186161,25060633,"Graham","Graham County, North Carolina",8557,1524,1129,NA,NA,NA,NA,NA,NA,NA,NA,list(list(c(-84.038081, -84.007586, -84.021782, -83.973171, -83.9589178345639, -83.9532313801504, -83.585756, -83.680114, -83.702772, -83.831429, -83.968532, -84.0291044137725, -84.02351, -84.038081, 35.348363, 35.371661, 35.407418, 35.452582, 35.4578994395799, 35.4600208895767, 35.434832, 35.2795, 35.24852, 35.256117, 35.218074, 35.2921237764939, 35.295783, 35.348363)))
"37","091","01026127","0500000US37091","37091","Hertford","06",914689326,18737419,"Hertford","Hertford County, North Carolina",24153,5125,16075,NA,NA,NA,NA,NA,NA,NA,NA,list(list(c(-77.208468, -77.122959, -77.066463, -77.1643226037182, -76.917318, -76.9160376328562, -76.946258, -76.779467, -76.696571, -76.706584, -77.180277, -77.208468, 36.246578, 36.471218, 36.496511, 36.5461528198479, 36.546046, 36.5460813302903, 36.413822, 36.362469, 36.296138, 36.243796, 36.242766, 36.246578)))
"37","013","01026333","0500000US37013","37013","Beaufort","06",2154800548,338964099,"Beaufort","Beaufort County, North Carolina",47243,8966,16149,NA,NA,NA,NA,NA,NA,NA,NA,list(list(c(-77.174, -76.985842, -76.847264, -76.844279, -76.637513, -76.588191, -76.467761, -76.509605, -76.599085, -76.522131, -76.590497, -76.632561, -76.845505, -76.895919, -76.958887, -77.189115, -77.176178, -77.100803, -77.08586, -77.172766, -77.195772, -77.174, 35.732831, 35.658848, 35.719982, 35.705717, 35.705215, 35.620654, 35.556504, 35.518356, 35.51996, 35.353623, 35.361857, 35.235324, 35.216059, 35.253889, 35.301013, 35.418362, 35.518812, 35.551455, 35.553317, 35.6391, 35.699779, 35.732831
)))
"37","187","01026331","0500000US37187","37187","Washington","06",897456203,195282200,"Washington","Washington County, North Carolina",12156,2808,6752,"CD","9404-CDLF-1996","Washington County C&D Landfill","718 Landfill Road","Roper","27910",35.917,-76.66468,list(list(c(-76.847264, -76.777404, -76.760598, -76.683751, -76.606214, -76.511899, -76.396794, -76.358393, -76.380009, -76.353554, -76.405603, -76.405971, -76.637513, -76.844279, -76.847264, 35.719982, 35.857839, 35.864887, 35.953101, 35.978051, 35.980726, 36.026443, 36.020019, 35.914666, 35.861301, 35.786294, 35.697579, 35.705215, 35.705717, 35.719982)))
"37","121","01008571","0500000US37121","37121","Mitchell","06",573040382,1627993,"Mitchell","Mitchell County, North Carolina",15040,2052,1143,NA,NA,NA,NA,NA,NA,NA,NA,list(list(c(-82.409458, -82.346857, -82.297655, -82.26569, -82.2202530102866, -82.211251, -82.140847, -82.127146, -82.0811489171324, -82.034104, -81.981954, -81.980168, -82.133484, -82.197834, -82.253966, -82.351672, -82.4169375946732, -82.409458, 36.083409, 36.115209, 36.13351, 36.127614, 36.1538200398431, 36.159012, 36.136216, 36.104417, 36.1056921143326, 35.942057, 35.911361, 35.885046, 35.823309, 36.015332, 36.005321, 36.084334, 36.0729700107085, 36.083409)))
"37","163","01026131","0500000US37163","37163","Sampson","06",2449357434,4923826,"Sampson","Sampson County, North Carolina",63561,15084,30992,"CD","8202-CDLF-1996","Sampson County Disposal, LLC","7434 Roseboro Hwy","Roseboro","28382",34.96252,-78.44741,list(list(c(-78.672292, -78.639478, -78.617127, -78.583451, -78.538349, -78.492042, -78.411734, -78.30658, -78.246217, -78.173532, -78.16342, -78.147129, -78.198642, -78.114007, -78.113995, -78.254441, -78.374363, -78.391978, -78.390748, -78.494705, -78.647033, -78.672292, 35.085281, 35.115774, 35.245578, 35.296779, 35.31641, 35.263421, 35.254663, 35.287604, 35.225996, 35.207348, 35.189716, 34.902506, 34.741637, 34.721795, 34.706876, 34.553595, 34.700722, 34.741265, 34.749463, 34.856182, 34.992254, 
35.085281)))
"37","179","01008590","0500000US37179","37179","Union","06",1638654587,18015880,"Union","Union County, North Carolina",226694,19921,62132,"CD","9001-CDLF-1998","Union County C&D","2125 Austin Chaney Road","Wingate","28174",35.033543,-80.46112,list(list(c(-80.8405669090214, -80.77248, -80.550349, -80.504985, -80.356982, -80.276829, -80.3208325711298, -80.561657, -80.5617085493824, -80.796997, -80.782042, -80.8405669090214, 35.0014715293943, 35.033157, 35.208412, 35.184998, 35.16494, 35.195722, 34.813620821544, 34.817481, 34.8174824003365, 34.823874, 34.935782, 35.0014715293943)))
"37","027","01008541","0500000US37027","37027","Caldwell","06",1222192503,7038403,"Caldwell","Caldwell County, North Carolina",81779,13405,10167,NA,NA,NA,NA,NA,NA,NA,NA,list(list(c(-81.810516, -81.675149, -81.545488, -81.397817, -81.328324, -81.343993, -81.334272, -81.353514, -81.363796, -81.555994, -81.709749, -81.807162, -81.735673, -81.810516, 36.111511, 36.12253, 36.117475, 36.066061, 35.996583, 35.824163, 35.796281, 35.776268, 35.767802, 35.777538, 35.875003, 35.961955, 36.067584, 36.111511)))
"37","001","01008531","0500000US37001","37001","Alamance","06",1096684439,27992169,"Alamance","Alamance County, North Carolina",160576,26264,56863,"CD","0104-CDLF-1993","Austin Quarter C&D Unit","2701 Austin Quarter Road","Graham","27253",35.942707,-79.29287,list(list(c(-79.541728, -79.53241, -79.531865, -79.257952, -79.268243, -79.249538, -79.237295, -79.542428, -79.541728, 35.899851, 36.241463, 36.249673, 36.243445, 35.909182, 35.87681, 35.844247, 35.843303, 35.899851)))
"37","001","01008531","0500000US37001","37001","Alamance","06",1096684439,27992169,"Alamance","Alamance County, North Carolina",160576,26264,56863,"CD","0105-CDLF-1998","Cobles C&D Landfill","5833 Foster Store Rd","Liberty","27298",35.949303,-79.524254,list(list(c(-79.541728, -79.53241, -79.531865, -79.257952, -79.268243, -79.249538, -79.237295, -79.542428, -79.541728, 35.899851, 36.241463, 36.249673, 36.243445, 35.909182, 35.87681, 35.844247, 35.843303, 35.899851)))
"37","001","01008531","0500000US37001","37001","Alamance","06",1096684439,27992169,"Alamance","Alamance County, North Carolina",160576,26264,56863,"CD","0105-TP-","Cobles C&D T&P","5833 Foster Store Road","Liberty","27298",35.949303,-79.524254,list(list(c(-79.541728, -79.53241, -79.531865, -79.257952, -79.268243, -79.249538, -79.237295, -79.542428, -79.541728, 35.899851, 36.241463, 36.249673, 36.243445, 35.909182, 35.87681, 35.844247, 35.843303, 35.899851)))
"37","101","01026327","0500000US37101","37101","Johnston","06",2049281828,11563288,"Johnston","Johnston County, North Carolina",191172,25213,60690,"CD","5103-CDLF-","Johnston County C&D Landfill","680 County Home Road","Smithfield","27577",35.50802,-78.42975,list(list(c(-78.708902, -78.642702, -78.468503, -78.255973, -78.23251, -78.192117, -78.161255, -78.115641, -78.064784, -78.15491, -78.153243, -78.30658, -78.411734, -78.492042, -78.538349, -78.529851, -78.660555, -78.708902, 35.519458, 35.570065, 35.707072, 35.81812, 35.751256, 35.730545, 35.712871, 35.600433, 35.585263, 35.41781, 35.350671, 35.287604, 35.254663, 35.263421, 35.31641, 35.334935, 35.496245, 35.519458)))
"37","053","01026125","0500000US37053","37053","Currituck","06",678415818,685023988,"Currituck","Currituck County, North Carolina",25796,2562,3304,"CD","2705T-TRANSFER-2011","Soundside C&D Waste Transfer & Recycling Center","7565 Caratoke Hwy","Jarvisburg","27947",36.168537,-75.85994,list(list(c(-76.313215, -76.1223499470101, -76.02675, -75.867044, -75.838437, -75.79641, -75.7706514625597, -75.813108, -75.76628, -75.840046, -75.874806, -75.906295, -75.887984, -75.948777, -76.050755, -76.114069, -76.158532, -76.3133029682603, -76.313215, 36.550551, 36.5505523325541, 36.550553, 36.550754, 36.434897, 36.290351, 36.2320803070508, 36.22356, 36.056956, 36.028834, 36.041789, 36.085877, 36.163311, 36.285851, 36.359819, 36.357498, 36.425333, 36.550551089807, 36.550551)))
"37","053","01026125","0500000US37053","37053","Currituck","06",678415818,685023988,"Currituck","Currituck County, North Carolina",25796,2562,3304,"CD","2706-TRANSFER-2013","Bay Disposal, LLC","8546 Caratoke Hwy","Powells Point","27966",36.10987,-75.82435,list(list(c(-76.313215, -76.1223499470101, -76.02675, -75.867044, -75.838437, -75.79641, -75.7706514625597, -75.813108, -75.76628, -75.840046, -75.874806, -75.906295, -75.887984, -75.948777, -76.050755, -76.114069, -76.158532, -76.3133029682603, -76.313215, 36.550551, 36.5505523325541, 36.550553, 36.550754, 36.434897, 36.290351, 36.2320803070508, 36.22356, 36.056956, 36.028834, 36.041789, 36.085877, 36.163311, 36.285851, 36.359819, 36.357498, 36.425333, 36.550551089807, 36.550551)))
"37","031","01026337","0500000US37031","37031","Carteret","06",1314696235,2131054352,"Carteret","Carteret County, North Carolina",68920,7831,9396,"CD","1607-TRANSFER-2019","Green Recycling Transfer Station","166 Center St","Newport ","28570",34.72449,-76.927216,list(list(c(-77.161676, -77.078263, -76.954438, -76.883201, -76.693018, -76.652571, -76.71158, -76.304136, -76.065774, -76.013145, -76.137269, -76.233088, -76.31021, -76.386804, -76.450454, -76.535946, -76.553806, -76.618719, -76.726969, -76.906257, -77.1129643930768, -77.096073, -77.165986, -77.161676, 34.795075, 34.811322, 34.809066, 34.844893, 34.86918, 34.937595, 34.981768, 35.201453, 35.124937, 35.061855, 34.987858, 34.905477, 34.852309, 34.784579, 34.71445, 34.588577, 34.628252, 34.67255, 34.69669, 
34.68282, 34.6380928323915, 34.67124, 34.785032, 34.795075)))
"37","051","01026124","0500000US37051","37051","Cumberland","06",1690125279,15283714,"Cumberland","Cumberland County, North Carolina",332106,57620,185962,"CD","2601-CDLF-1997","Cumberland County C&D Unit","698 Ann Street","Fayetteville","28301",35.0615,-78.87222,list(list(c(-79.097591, -79.095808, -78.880408, -78.794564, -78.617127, -78.639478, -78.672292, -78.647033, -78.494705, -78.516123, -78.799597, -78.901998, -78.940844, -79.038747, -79.036917, -79.112921, -79.097591, 35.174225, 35.192068, 35.23044, 35.266047, 35.245578, 35.115774, 35.085281, 34.992254, 34.856182, 34.845919, 34.850857, 34.835268, 34.903368, 34.952715, 34.956953, 35.125651, 35.174225)))
"37","051","01026124","0500000US37051","37051","Cumberland","06",1690125279,15283714,"Cumberland","Cumberland County, North Carolina",332106,57620,185962,"CD","2613-TRANSFER-2010","AAA Hauling Of NC Inc","1171 S Eastern Blvd","Fayetteville","28306",35.02764,-78.88372,list(list(c(-79.097591, -79.095808, -78.880408, -78.794564, -78.617127, -78.639478, -78.672292, -78.647033, -78.494705, -78.516123, -78.799597, -78.901998, -78.940844, -79.038747, -79.036917, -79.112921, -79.097591, 35.174225, 35.192068, 35.23044, 35.266047, 35.245578, 35.115774, 35.085281, 34.992254, 34.856182, 34.845919, 34.850857, 34.835268, 34.903368, 34.952715, 34.956953, 35.125651, 35.174225)))
"37","107","01008568","0500000US37107","37107","Lenoir","06",1033630021,5900301,"Lenoir","Lenoir County, North Carolina",57227,12844,28933,"CD","5403-CDLF-1997","Lenoir County CDLF","2949 Hodges Farm Road","La Grange","28551",35.293537,-77.71329,list(list(c(-77.818068, -77.806248, -77.697516, -77.676719, -77.475515, -77.426448, -77.391026, -77.431319, -77.473692, -77.527182, -77.507463, -77.601282, -77.731026, -77.746354, -77.769177, -77.834249, -77.818068, 35.357366, 35.368754, 35.377097, 35.347344, 35.426655, 35.349759, 35.339533, 35.329781, 35.228985, 35.243001, 35.172814, 35.071368, 35.008138, 35.030096, 35.145576, 35.177846, 35.357366)))
"37","147","01008578","0500000US37147","37147","Pitt","06",1689620097,8247844,"Pitt","Pitt County, North Carolina",177372,40737,80373,"CD","7407-CDLF-2009","C & D Landfill Inc","802 Recycling Lane","Greenville","27834",35.624218,-77.17898,list(list(c(-77.665131, -77.531262, -77.390154, -77.350369, -77.2552, -77.174, -77.195772, -77.172766, -77.08586, -77.100803, -77.176178, -77.189115, -77.247896, -77.29434, -77.391026, -77.426448, -77.475515, -77.503408, -77.61037, -77.700692, -77.665131, 35.674935, 35.753528, 35.833062, 35.819228, 35.786352, 35.732831, 35.699779, 35.6391, 35.553317, 35.551455, 35.518812, 35.418362, 35.354415, 35.379137, 35.339533, 35.349759, 35.426655, 35.517975, 35.567552, 35.652295, 35.674935)))
"37","147","01008578","0500000US37147","37147","Pitt","06",1689620097,8247844,"Pitt","Pitt County, North Carolina",177372,40737,80373,"CD","7404-MWP-2016","Pitt County Materials Recovery & Recycling Facility","3025 Landfill Road","Greenville","27834",35.59802446,-77.43172905,list(list(c(-77.665131, -77.531262, -77.390154, -77.350369, -77.2552, -77.174, -77.195772, -77.172766, -77.08586, -77.100803, -77.176178, -77.189115, -77.247896, -77.29434, -77.391026, -77.426448, -77.475515, -77.503408, -77.61037, -77.700692, -77.665131, 35.674935, 35.753528, 35.833062, 35.819228, 35.786352, 35.732831, 35.699779, 35.6391, 35.553317, 35.551455, 35.518812, 35.418362, 35.354415, 35.379137, 35.339533, 35.349759, 35.426655, 35.517975, 35.567552, 35.652295, 35.674935)))
"37","059","01008549","0500000US37059","37059","Davie","06",682967798,7399101,"Davie","Davie County, North Carolina",41991,5710,6429,NA,NA,NA,NA,NA,NA,NA,NA,list(list(c(-80.693197, -80.496283, -80.463592, -80.394307, -80.370009, -80.398823, -80.487586, -80.458884, -80.47182, -80.691809, -80.707826, -80.693197, 36.05126, 36.046545, 36.062541, 35.972762, 35.885747, 35.841347, 35.83291, 35.743031, 35.768356, 35.863508, 35.852929, 36.05126)))
"37","153","01008581","0500000US37153","37153","Richmond","06",1226886652,15537990,"Richmond","Richmond County, North Carolina",45189,10503,19288,NA,NA,NA,NA,NA,NA,NA,NA,list(list(c(-80.075365, -79.851268, -79.614304, -79.575931, -79.458751, -79.573423, -79.561856, -79.614045, -79.6929463837093, -79.9246842531364, -79.849536, -79.877197, -79.923972, -79.992941, -80.075365, 35.143081, 35.183855, 35.163679, 35.069904, 35.043639, 34.99221, 34.91035, 34.815309, 34.8049623069232, 34.8078290197515, 34.900006, 35.03531, 35.11543, 35.08559, 35.143081)))
"37","171","01008587","0500000US37171","37171","Surry","06",1382385865,10337591,"Surry","Surry County, North Carolina",72099,11978,11381,NA,NA,NA,NA,NA,NA,NA,NA,list(list(c(-80.973643, -80.901661118921, -80.840213077246, -80.704831, -80.6121887881246, -80.4401015419637, -80.451696, -80.452322, -80.547885, -80.873205, -80.868746, -80.967153, -80.973643, 36.453474, 36.561751187168, 36.5619284516373, 36.562319, 36.5582162763804, 36.5505952751633, 36.261502, 36.241419, 36.285419, 36.236305, 36.326447, 36.40202, 36.453474)))
"37","087","01008561","0500000US37087","37087","Haywood","06",1433713822,2438478,"Haywood","Haywood County, North Carolina",60433,8304,4300,NA,NA,NA,NA,NA,NA,NA,NA,list(list(c(-83.2561415523036, -83.255351, -83.198267, -83.161537, -83.097193, -83.04853, -82.978414, -82.9666497428986, -82.957072, -82.883909, -82.84609, -82.77055, -82.798174, -82.745139, -82.83199, -82.920881, -83.164571, -83.186322, -83.155835, -83.181977, -83.26474416829, -83.2561415523036, 35.7151240626578, 35.71623, 35.725494, 35.763363, 35.776067, 35.787706, 35.78261, 35.795445979574, 35.7467, 35.678235, 35.614309, 35.575932, 35.469805, 35.422967, 35.318343, 35.292037, 35.509571, 35.514368, 
35.552622, 35.671327, 35.7030894961701, 35.7151240626578)))
"37","009","01008535","0500000US37009","37009","Ashe","06",1100901792,8093125,"Ashe","Ashe County, North Carolina",26786,4748,1986,NA,NA,NA,NA,NA,NA,NA,NA,list(list(c(-81.734312, -81.695311, -81.699962, -81.677535, -81.499831, -81.3532212246022, -81.244152, -81.253649, -81.359255, -81.366725, -81.477516, -81.566349, -81.638186, -81.7253727796853, -81.734312, 36.413342, 36.467912, 36.536829, 36.588117, 36.57982, 36.5762382311564, 36.382656, 36.366601, 36.366433, 36.284447, 36.24025, 36.272202, 36.349606, 36.3897384974361, 36.413342)))
"37","129","01026329","0500000US37129","37129","New Hanover","06",497802422,353938972,"New Hanover","New Hanover County, North Carolina",224231,37602,51376,NA,NA,NA,NA,NA,NA,NA,NA,list(list(c(-78.029922, -77.822679, -77.7135131704588, -77.764022, -77.829209, -77.8854550755211, -77.956605, -78.029922, 34.331768, 34.389026, 34.2902471866868, 34.245641, 34.162618, 34.038240984853, 34.234491, 34.331768)))
"37","113","01025833","0500000US37113","37113","Macon","06",1335356542,10592237,"Macon","Macon County, North Carolina",34410,5679,3684,NA,NA,NA,NA,NA,NA,NA,NA,list(list(c(-83.690212, -83.702772, -83.680114, -83.467181, -83.339609, -83.276955, -83.224332, -83.223796, -83.143257, -83.1086129965073, -83.322768, -83.4828732042907, -83.659824, -83.738129, -83.690212, 35.237942, 35.24852, 35.2795, 35.297861, 35.330993, 35.228045, 35.238645, 35.157386, 35.077927, 35.0006588436777, 34.995874, 34.9908739612868, 35.160304, 35.15595, 35.237942)))
"37","089","01008562","0500000US37089","37089","Henderson","06",965884896,5537500,"Henderson","Henderson County, North Carolina",113625,11926,19068,"CD","4508-TP-2020","Garbage Pal, LLC","424 Mills Gap Road","Arden","28704",35.484184,-82.49231,list(list(c(-82.673343, -82.532713, -82.495208, -82.33257, -82.265795, -82.280563, -82.261305, -82.359152, -82.3531752729195, -82.411301, -82.455609, -82.53256, -82.5777151484413, -82.619248, -82.745139, -82.673343, 35.459453, 35.416615, 35.445186, 35.500194, 35.467818, 35.443069, 35.393198, 35.244489, 35.1987141296007, 35.202483, 35.177425, 35.155617, 35.1464753478475, 35.303708, 35.422967, 35.459453)))
"37","039","01008545","0500000US37039","37039","Cherokee","06",1179834154,28824944,"Cherokee","Cherokee County, North Carolina",27668,4516,2417,NA,NA,NA,NA,NA,NA,NA,NA,list(list(c(-84.2865983787409, -84.28322, -84.223718, -84.178516, -84.097508, -84.0291044137725, -83.968532, -83.831429, -83.702772, -83.690212, -83.738129, -83.850726, -84.0053367334383, -84.1294469626359, -84.321869, -84.2865983787409, 35.2057582184959, 35.226577, 35.269078, 35.240679, 35.247382, 35.2921237764939, 35.218074, 35.256117, 35.24852, 35.237942, 35.15595, 35.140547, 34.9876495840123, 34.9879469539553, 34.988408, 35.2057582184959)))
"37","189","01008594","0500000US37189","37189","Watauga","06",809160417,2332259,"Watauga","Watauga County, North Carolina",54117,13155,4392,NA,NA,NA,NA,NA,NA,NA,NA,list(list(c(-81.908137, -81.833202, -81.768977, -81.705966, -81.7253727796853, -81.638186, -81.566349, -81.477516, -81.455792, -81.545488, -81.675149, -81.810516, -81.82923, -81.907698, -81.9184444729048, -81.908137, 36.302013, 36.347339, 36.341042, 36.338496, 36.3897384974361, 36.349606, 36.272202, 36.24025, 36.200441, 36.117475, 36.12253, 36.111511, 36.168791, 36.214163, 36.2873579173821, 36.302013)))
"37","157","01008582","0500000US37157","37157","Rockingham","06",1464980033,18461421,"Rockingham","Rockingham County, North Carolina",91270,16201,25089,NA,NA,NA,NA,NA,NA,NA,NA,list(list(c(-80.0273389151412, -80.027269, -79.8916701669539, -79.714850811052, -79.5136476625086, -79.531865, -79.53241, -80.035119, -80.0273389151412, 36.5424953856142, 36.542495, 36.5420338366162, 36.5414324847413, 36.5407482050707, 36.249673, 36.241463, 36.257184, 36.5424953856142)))
"37","197","01008597","0500000US37197","37197","Yadkin","06",867496104,7232594,"Yadkin","Yadkin County, North Carolina",37665,5692,5858,NA,NA,NA,NA,NA,NA,NA,NA,list(list(c(-80.873205, -80.547885, -80.452322, -80.432241, -80.439104, -80.505532, -80.496283, -80.693197, -80.881591, -80.873205, 36.236305, 36.285419, 36.241419, 36.217995, 36.139949, 36.109155, 36.046545, 36.05126, 36.055718, 36.236305)))
"37","023","01008539","0500000US37023","37023","Burke","06",1311146878,20719896,"Burke","Burke County, North Carolina",89712,15720,16443,"CD","1203-CDLF-2014","Burke County Johns River Waste Management","2500 Marsh Trail","Morganton","28680-1486",35.787292,-81.64753,list(list(c(-81.906652, -81.943188, -81.899871, -81.807162, -81.709749, -81.555994, -81.363796, -81.432898, -81.535403, -81.537599, -81.56725, -81.691989, -81.753407, -81.824122, -81.869388, -81.986885, -81.906652, 35.883376, 35.96005, 35.999909, 35.961955, 35.875003, 35.777538, 35.767802, 35.677847, 35.568137, 35.564228, 35.558201, 35.580041, 35.613588, 35.574983, 35.719624, 35.807066, 35.883376)))
